Term, count
cancer,534
women,291
breast,224
risk,219
=,201
results,187
among,173
screening,167
study,158
associated,157
95,142
patients,138
health,137
years,134
p,131
ci,123
care,119
use,117
factors,116
methods,108
age,103
used,101
data,96
may,94
<,93
conclusions,89
crc,85
higher,81
survivors,79
smoking,76
mammography,72
[,71
],71
associations,70
participants,70
diagnosed,70
diagnosis,68
treatment,65
reported,64
likely,63
background,63
compared,62
colorectal,62
lower,61
using,61
information,60
differences,59
high,58
significant,57
exposure,56
regression,56
medical,56
men,55
months,54
outcomes,54
status,53
association,52
included,50
analysis,49
physical,49
>,49
white,49
greater,48
intervention,48
prostate,48
studies,47
n,47
cases,47
odds,47
history,46
older,46
rates,46
interval,45
analyses,45
two,45
significantly,45
african,45
confidence,45
follow-up,44
increased,44
american,43
within,43
observed,42
therapy,42
research,41
also,41
less,41
testing,41
overall,41
models,40
survey,40
tobacco,40
effects,40
levels,40
across,39
stage,39
disease,39
examined,39
received,39
genetic,39
mortality,39
whether,38
test,38
cohort,38
patient,38
examine,37
respectively,37
findings,37
smokers,37
similar,37
clinical,37
ratio,37
characteristics,36
identify,36
mammogram,36
positive,36
2,35
logistic,35
found,35
symptoms,35
objective,35
tumor,35
identified,35
body,34
groups,34
1,34
10,34
quality,34
survival,34
conclusion,33
time,33
recent,33
distress,33
aged,32
weight,32
including,31
barriers,31
impact,31
prevalence,31
purpose,30
relationship,30
adjusted,30
suggest,30
one,30
depression,30
incidence,30
disparities,30
primary,30
negative,29
interaction,29
assessed,29
important,29
insurance,29
mutations,29
controls,29
design,28
activity,28
interventions,28
ovarian,28
fatigue,28
model,28
scores,28
chemotherapy,28
measures,28
vs.,28
population,28
conducted,27
new,27
group,27
three,27
receipt,27
black,27
low,26
future,26
national,26
control,26
prior,26
medicare,26
individuals,25
adults,25
role,25
current,25
hispanic,25
life,25
common,24
chronic,24
index,24
population-based,24
total,24
evidence,24
perceived,24
related,24
strategies,24
without,24
surgery,24
cancers,24
trial,24
density,24
cigarettes,24
sample,23
psychological,23
baseline,23
first,23
younger,23
ages,23
report,23
addiction,23
behavioral,23
however,23
burden,23
number,22
3,22
completed,22
family,22
race,22
coverage,22
better,22
multiple,22
tumors,22
per,22
intake,22
5,21
patterns,21
mean,21
social,21
individual,21
increase,21
potential,21
12,21
cigarette,21
variables,21
intervals,21
physicians,21
income,21
support,21
whites,21
smoke,21
adult,20
well,20
effect,20
known,20
specific,20
snps,20
risks,20
prospective,20
multivariate,20
functioning,20
4,20
costs,20
improve,20
children,20
late-stage,20
hookah,20
qol,20
affect,19
0.01,19
lifestyle,19
americans,19
education,19
colonoscopy,19
evaluated,19
hrqol,19
diet,19
states,19
mass,19
estimated,19
statistically,19
11,19
least,19
0.001,19
melanoma,19
racial/ethnic,19
stress,18
changes,18
cortisol,18
rate,18
year,18
incident,18
several,18
males,18
behaviors,18
socioeconomic,18
reduce,18
6,18
40,18
repeat,18
correlates,18
based,18
multivariable,18
comorbidity,18
surveillance,18
large,18
neighborhood,18
advanced,18
adjustment,18
lung,18
assess,18
diagnostic,18
us,18
evaluate,18
respondents,18
beliefs,18
particularly,18
vs,18
death,17
populations,17
need,17
adherence,17
physician,17
increasing,17
participation,17
function,17
although,17
estimate,17
adjuvant,17
self-reported,17
reporting,17
non-hispanic,17
50,17
mvpa,17
despite,16
mental,16
measured,16
focus,16
e-cigarette,16
past,16
public,16
frequency,16
level,16
receiving,16
many,16
access,16
colon,16
concerns,16
experiences,16
fit,16
reduced,16
cessation,16
centers,16
assessment,15
influence,15
adjusting,15
male,15
never,15
expression,15
tested,15
x,15
could,15
scale,15
psychosocial,15
given,15
end,15
program,15
versus,15
perceptions,15
relative,15
general,15
early,15
hormone,15
sensitivity,15
30,15
hr,15
self-efficacy,15
due,14
pain,14
response,14
change,14
fat,14
percent,14
china,14
defined,14
gene,14
heroin,14
ancestry,14
65,14
subjects,14
analyzed,14
independent,14
score,14
health-related,14
approximately,14
epidemiology,14
predictors,14
claims,14
proportion,14
localized,14
performed,14
mammograms,14
7,14
serum,14
annual,14
hormonal,14
explained,14
counseling,14
communication,14
guidelines,14
eac,14
pa,14
system,13
decreased,13
18,13
understanding,13
objectives,13
frequently,13
0.05,13
polymorphisms,13
tests,13
24,13
hospital,13
questionnaires,13
subsequent,13
13,13
median,13
radiologists,13
randomized,13
blood,13
long-term,13
services,13
lyg,13
complications,13
growth,13
factor,13
cross-sectional,13
exposed,13
indoor,13
intakes,13
development,13
count,13
fertility,13
young,13
media,13
quit,13
consistent,12
sex,12
little,12
relationships,12
predicted,12
review,12
whereas,12
treated,12
knowledge,12
personal,12
75,12
five,12
standard,12
followed,12
ii,12
needed,12
determine,12
every,12
lymphedema,12
california,12
outcome,12
additional,12
united,12
race/ethnicity,12
records,12
provided,12
detected,12
performance,12
state,12
african-american,12
previously,12
recommended,12
percentage,12
likelihood,12
electronic,12
er,12
provide,12
disparity,12
youth,12
discussion,12
obesity,12
abnormal,12
ayas,12
tanning,12
benefits,11
samples,11
assessments,11
small,11
condition,11
demographic,11
+/-,11
increases,11
surveys,11
understand,11
food,11
consumption,11
snp,11
16,11
urban,11
cognitive,11
persons,11
female,11
interview,11
prevention,11
following,11
sexual,11
obtained,11
receive,11
cost,11
aggressive,11
comorbidities,11
recommendations,11
31,11
help,11
enrolled,11
perception,11
activities,11
recall,11
racial,11
authors,11
mammographic,11
efficacy,11
gera,11
feedback,11
folate,11
content,11
acid,11
item,11
well-being,11
product,11
erbeta,11
limited,11
enrollment,11
energy,11
.001,11
gleason,11
initial,11
type,11
emotional,11
metabolites,11
campaign,11
louisiana,11
statistical,10
suggests,10
experience,10
acute,10
area,10
obese,10
postmenopausal,10
gender,10
average,10
45,10
cities,10
four,10
elevated,10
providers,10
criteria,10
center,10
cox,10
hazard,10
moderate,10
sf-36,10
oxaliplatin,10
might,10
linear,10
times,10
malpractice,10
questions,10
key,10
indicate,10
environmental,10
patient-reported,10
20,10
estrogen,10
biomarkers,10
modeling,10
difference,10
dietary,10
available,10
females,10
/=,10
utilization,10
cancer-related,10
efforts,10
difficulty,10
oop,10
ul,10
satisfaction,10
partners,10
phthalate,10
cancer-directed,10
p53,10
often,9
examination,9
importance,9
introduction,9
systems,9
trend,9
e-cigarettes,9
controlling,9
chinese,9
alcohol,9
products,9
normal,9
case-control,9
management,9
literature,9
uptake,9
attention,9
aimed,9
plan,9
minority,9
absence,9
coping,9
2003,9
sociodemographic,9
set,9
ratios,9
classified,9
iii,9
database,9
treatments,9
skin,9
8,9
region,9
out-of-pocket,9
half,9
estimates,9
false-positive,9
showed,9
adverse,9
yet,9
domains,9
representative,9
concentrations,9
strongly,9
investigated,9
novel,9
fecal,9
benefit,9
resilience,9
community,9
questionnaire,9
preservation,9
uninsured,9
ever,9
genes,9
addition,9
would,9
behavior,9
method,9
record,9
marijuana,9
improved,9
decision-making,9
predictive,9
part,9
cd,9
cervical,9
day,9
motivation,9
triggers,9
correlation,9
conflict,9
racism,9
parenting,9
blacks,9
wound,9
facility,9
jersey,9
pcps,9
stressor,8
interactions,8
duration,8
beta,8
eating,8
emerging,8
protective,8
experienced,8
according,8
heavy,8
receptor,8
european,8
loci,8
replication,8
allele,8
six,8
present,8
practice,8
either,8
facilitators,8
living,8
source,8
fewer,8
different,8
decision,8
result,8
considered,8
proportional,8
hazards,8
clinically,8
eligible,8
seer,8
underwent,8
variation,8
longitudinal,8
setting,8
phase,8
$,8
much,8
-,8
worse,8
screened,8
cell,8
approach,8
economic,8
remained,8
relation,8
correlated,8
premenopausal,8
cumulative,8
confirmed,8
students,8
diverse,8
experimental,8
methylation,8
sites,8
bmi,8
invasive,8
poorer,8
provides,8
inflammation,8
adt,8
2000,8
smokeless,8
trials,8
variant,8
occupational,8
gwas,8
aa,8
promote,8
nevus,8
previous,8
home,8
child,8
mug/ml,8
measure,8
meeting,8
interpersonal,8
menopause,8
26,8
couples,8
cirrhosis,8
aas,8
mutation,8
endoscopy,8
obtaining,8
weeks,8
latino,8
caregivers,8
examining,7
regardless,7
presence,7
cardiovascular,7
responses,7
investigate,7
shorter,7
third,7
varied,7
via,7
25,7
transitions,7
employed,7
spent,7
biological,7
sought,7
policies,7
usual,7
developing,7
survivorship,7
york,7
topics,7
useful,7
issues,7
active,7
trends,7
nurses,7
stages,7
standardized,7
surgical,7
ability,7
predict,7
telephone,7
main,7
participated,7
arm,7
substantial,7
opportunity,7
effective,7
direct,7
poor,7
post-diagnosis,7
strong,7
linked,7
covariates,7
especially,7
underserved,7
addressing,7
lowest,7
settings,7
almost,7
ethnic,7
registries,7
measurements,7
explain,7
recruited,7
delayed,7
recently,7
nonwhites,7
largely,7
pesticide,7
developed,7
occult,7
range,7
harm,7
implementation,7
smoke-free,7
validation,7
project,7
nutrient,7
bias,7
process,7
discovery,7
variants,7
highest,7
healthy,7
vo2,7
crp,7
vitality,7
sex-specific,7
newly,7
yr,7
androgen,7
one-carbon,7
focm,7
framework,7
ratings,7
genome-wide,7
referral,7
childhood,7
practices,7
uc,7
leukemia,7
lounges,7
amino,7
case,7
specificity,7
menopausal,7
include,7
cris,7
compassion,7
oncologists,7
selected,7
positions,7
srh,7
mistrust,7
roles,7
air,7
sun,7
2005,7
imrt,7
caregiver,7
characterized,6
potentially,6
measurement,6
predicting,6
good,6
relatively,6
inconsistent,6
significance,6
calculated,6
larger,6
major,6
prognostic,6
visit,6
.05,6
period,6
loss,6
prognosis,6
adulthood,6
indicating,6
explored,6
critical,6
western,6
oprm1,6
functional,6
single,6
human,6
biology,6
cbsm,6
consistently,6
lack,6
value,6
hundred,6
oncology,6
financial,6
susceptibility,6
9,6
and/or,6
symptom,6
majority,6
identifying,6
regular,6
progression,6
i.e.,6
none,6
severity,6
regarding,6
2007,6
2006,6
accounted,6
elderly,6
39,6
reducing,6
members,6
excellent,6
remains,6
noncancer,6
bone,6
urinary,6
school,6
mailed,6
28,6
summary,6
enrollees,6
greatest,6
diagnoses,6
plans,6
regions,6
degree,6
concern,6
substantially,6
asian,6
native,6
1.2,6
node,6
involvement,6
providing,6
tailored,6
secondary,6
participant,6
comparable,6
signaling,6
events,6
currently,6
institute,6
families,6
nationally,6
declined,6
birth,6
confounders,6
exposures,6
intensity,6
therapeutic,6
inform,6
harms,6
sigmoidoscopy,6
1000,6
aspects,6
eudaimonic,6
international,6
instruments,6
e.g.,6
24hrs,6
university,6
categories,6
characterize,6
pathway,6
approaches,6
omega-3,6
facilities,6
conservative,6
remain,6
opportunities,6
cigars,6
matched,6
red,6
nutrients,6
fits,6
increasingly,6
os,6
another,6
asbestos,6
natural,6
ors,6
markers,6
types,6
lounge,6
&,6
classifier,6
agents,6
environments,6
preliminary,6
capital,6
ra,6
lmi,6
lmis,6
/=5,6
presentation,6
aor,6
health-care,6
walkability,6
pollution,6
rank,6
fobt,6
minutes,6
ppt-s,6
sarcopenia,6
resolution,6
hrr,6
hrt,6
alliance,6
stressors,5
daily,5
everyday,5
contrast,5
responsiveness,5
awakening,5
neck,5
combining,5
demonstrate,5
gain,5
heal,5
obtain,5
step,5
lifetime,5
city,5
cohorts,5
haplotype,5
systematic,5
specifically,5
healthcare,5
met,5
preferences,5
understood,5
ongoing,5
visits,5
work,5
generally,5
diseases,5
anxiety,5
occurred,5
vary,5
similarity,5
2002,5
indicators,5
documented,5
cut-scores,5
category,5
validity,5
undergoing,5
51,5
effectiveness,5
formally,5
complete,5
components,5
short,5
areas,5
confounding,5
net,5
expected,5
recipients,5
radiation,5
screening-detected,5
80,5
appropriate,5
prevent,5
address,5
materials,5
involved,5
necessary,5
washington,5
environment,5
december,5
equations,5
returned,5
hypothesis,5
consortium,5
1.3,5
high-grade,5
evaluations,5
contribute,5
make,5
designed,5
site,5
improvement,5
targeted,5
safety,5
making,5
clinicians,5
waves,5
panel,5
implications,5
aim,5
pesticides,5
ocps,5
dpoaes,5
way,5
reduction,5
dna,5
ne,5
inclusion,5
detection,5
measuring,5
health-plan,5
cogstate,5
bars,5
calibration,5
protein,5
qualitative,5
oral,5
replacement,5
stop,5
retrospective,5
oncologist,5
expenditure,5
wide,5
oxygen,5
youth-met,5
mineral,5
mice,5
studied,5
problems,5
participating,5
tertile,5
.01,5
aya,5
made,5
awareness,5
describe,5
radiotherapy,5
hookahs,5
candidate,5
pr,5
office,5
routine,5
earlier,5
relevant,5
seeking,5
60,5
seen,5
suggested,5
genome,5
top,5
around,5
targets,5
epidemiologic,5
hmos,5
chest,5
undergo,5
53,5
neither,5
irrs,5
irr,5
subtypes,5
differed,5
dm,5
whi,5
timely,5
collected,5
foods,5
nsclc,5
controlled,5
users,5
delivery,5
interviewed,5
free,5
pediatric,5
autonomous,5
endorsed,5
quitters,5
mediated,5
``,5
'',5
phip,5
meat,5
c,5
hla-drbeta1,5
parental,5
spouses,5
indicated,5
protection,5
household,5
asphalt,5
hnscc,5
parents,5
coefficients,5
1998,5
delay,5
2sfca,5
prescription,5
drug,5
june,5
brca1,5
evaluation,5
sadrs,5
maternal,5
constructive,5
znf804a,5
even,4
within-person,4
revealed,4
decreases,4
availability,4
41,4
concentration,4
0.02,4
recurrence,4
lean,4
later,4
covariance,4
gained,4
21,4
experiencing,4
pilot,4
point,4
two-thirds,4
explore,4
drinking,4
engaged,4
located,4
resulted,4
haplotypes,4
suggestive,4
postintervention,4
depressive,4
additionally,4
search,4
compliance,4
barrier,4
local,4
77,4
still,4
stated,4
considering,4
week,4
targeting,4
self-report,4
worry,4
cis,4
epithelial,4
appear,4
piper,4
version,4
mild,4
severe,4
demographics,4
0,4
enhance,4
guide,4
geographic,4
-medicare,4
census,4
resulting,4
ie,4
2.8,4
exercise,4
woman,4
probability,4
stronger,4
reflect,4
66,4
pooled,4
eg,4
15,4
usa,4
70,4
describes,4
registry,4
managed,4
component,4
examinations,4
modeled,4
estimating,4
full,4
caused,4
extremely,4
u.s.,4
countries,4
various,4
databases,4
affected,4
1.4,4
1.1,4
lymph,4
attenuated,4
eliminated,4
limitations,4
best,4
web-based,4
points,4
implementing,4
intensive,4
pancreatic,4
highly,4
improving,4
promising,4
reports,4
develop,4
2009,4
observational,4
high-quality,4
hours,4
metabolite,4
influenced,4
relating,4
prenatal,4
atypical,4
hyperplasia,4
lobules,4
sum,4
preventive,4
2008,4
comparative,4
microsimulation,4
flexible,4
85,4
modality,4
relevance,4
processes,4
implicated,4
structural,4
equation,4
constructs,4
regional,4
compare,4
40-49,4
self-administered,4
working,4
investigators,4
reference,4
instrument,4
values,4
overestimated,4
article,4
place,4
items,4
attitudes,4
assessing,4
established,4
myeloid,4
reproductive,4
contraceptive,4
molecular,4
pathways,4
lacking,4
phenotype,4
black-white,4
examines,4
illness,4
metric,4
height,4
procedures,4
kg/m2,4
contributed,4
24-month,4
pufas,4
feasibility,4
acceptability,4
volume,4
raising,4
college,4
15-yr,4
cancer-specific,4
pcsm,4
therapies,4
5-7,4
8-10,4
subset,4
initiated,4
whose,4
suggesting,4
basis,4
domain,4
continue,4
cause,4
features,4
adolescents,4
hereditary,4
onset,4
syndrome,4
along,4
continued,4
sessions,4
counselor,4
predictor,4
long,4
caucasian,4
carriers,4
-7,4
combination,4
cpg,4
hboc,4
ensure,4
determined,4
sentinel,4
validated,4
1995,4
pregnancy,4
smoked,4
aims,4
lp,4
bhba,4
early-stage,4
carcinoma,4
2013,4
nutrition,4
0.0001,4
gifts,4
sources,4
all-cause,4
procedure,4
independently,4
days,4
promis,4
ptrend,4
applied,4
hla,4
korean,4
descent,4
2+,4
convergence,4
preference,4
addictive,4
facilitating,4
low-income,4
mmr,4
mlh1,4
deleterious,4
asians,4
combined,4
clinic,4
spearman,4
b,4
doctor,4
since,4
hispanics,4
class,4
digital,4
deaths,4
posttraumatic,4
constructed,4
2001,4
breast-cancer-specific,4
postoperative,4
banks,4
fsg,4
symptomatic,4
ca,4
cigarettes/day,4
size,4
priority,4
patient-oncologist,4
enhanced,3
age-related,3
existing,3
yielded,3
coordinated,3
discuss,3
curve,3
22,3
23,3
representing,3
arterial,3
pressure,3
heart,3
demonstrated,3
laboratory,3
heightened,3
0-iiia,3
scans,3
68,3
transition-to-adulthood,3
themes,3
know,3
accumulated,3
identification,3
separate,3
ethnicity,3
cluster,3
seven,3
consumed,3
television,3
binge,3
nucleotide,3
brain,3
putative,3
-5,3
rs3778150,3
intron,3
replicated,3
4.3,3
-6,3
2.7,3
show,3
assigned,3
comparison,3
encouraging,3
abstracted,3
married,3
facilitator,3
commonly,3
dual,3
medicaid,3
particular,3
paid,3
modifiable,3
scp,3
surveyed,3
nonmetastatic,3
hospitals,3
98,3
100,3
44,3
event,3
second,3
positively,3
means,3
dependent,3
exams,3
strongest,3
mood,3
supports,3
link,3
antidepressant,3
persistent,3
meaningful,3
pfs-r,3
decrements,3
cut-score,3
construct,3
treating,3
exists,3
2004,3
resection,3
includes,3
poisson,3
35,3
poverty,3
tract,3
rapidly,3
rehabilitation,3
rather,3
addressed,3
directly,3
expenditures,3
price,3
thus,3
phases,3
rectal,3
approved,3
beneficiaries,3
differential,3
pay,3
antigen,3
36,3
concerning,3
asked,3
14,3
0.03,3
pcs,3
mcs,3
consent,3
1996,3
adjust,3
64,3
responded,3
described,3
expressed,3
43,3
biopsy,3
reasons,3
participate,3
pathology,3
stratified,3
choices,3
ways,3
people,3
offers,3
insured,3
resource,3
negatively,3
insights,3
randomization,3
prompt,3
screen,3
promoting,3
nicotinic,3
influences,3
preventing,3
neurotransmitters,3
staff,3
mechanism,3
terminology,3
presents,3
employment,3
growing,3
alone,3
atypia,3
+,3
0.04,3
target,3
balance,3
unscreened,3
40-year-olds,3
ctc,3
55,3
required,3
start,3
unclear,3
adrenergic,3
error,3
surrounding,3
computerized,3
professionals,3
agreed,3
comprehensive,3
implemented,3
workplaces,3
restaurants,3
itc,3
decline,3
elements,3
boston,3
exploratory,3
subgroups,3
leukaemia,3
occur,3
adenoma,3
mutational,3
recurrent,3
datasets,3
discovered,3
single-nucleotide,3
private,3
cycle,3
amer1,3
mechanisms,3
apart,3
silico,3
two-sided,3
equally,3
66-70,3
length,3
expressing,3
resting,3
metabolic,3
absolute,3
allometric,3
moderate-to-vigorous,3
scaling,3
light,3
vigorous,3
ranging,3
overweight,3
osteoporosis,3
drawn,3
=50,3
mitotic,3
excess,3
13.9,3
1.14,3
12-month,3
iiia,3
fatigued,3
shown,3
omega-6,3
scales,3
medication,3
medically,3
interviews,3
morbidity,3
maintain,3
adolescent,3
arrangements,3
finally,3
highlight,3
covered,3
/=65,3
deprivation,3
2011,3
5.7,3
corresponding,3
detailed,3
choice,3
descriptive,3
40-64,3
outside,3
county,3
nicotine,3
goal,3
carolina,3
weighted,3
6.1,3
thirds,3
initiation,3
non-cigarette,3
respect,3
initiative,3
plasma,3
reductase,3
noted,3
leading,3
network,3
offices,3
eight,3
400,3
orbit,3
movement,3
lot,3
effort,3
2.0,3
adolescence,3
old,3
consequences,3
insight,3
decisions,3
ca125,3
proportions,3
affective,3
million,3
pfs,3
eoc,3
1.0,3
age-,3
1.26,3
ea,3
elucidate,3
91,3
high-risk,3
delaying,3
nevi,3
favorable,3
10-year,3
subgroup,3
play,3
prudent,3
quartile,3
situ,3
unknown,3
1.20,3
differ,3
unrelated,3
unconditional,3
random,3
friends,3
adenocarcinoma,3
mrs,3
prediction,3
poc,3
administration,3
administered,3
published,3
focused,3
date,3
campaigns,3
gcgh,3
towards,3
analysed,3
leadership,3
others,3
physician-patient,3
suffering,3
statements,3
49,3
elixhauser,3
5-year,3
prevalent,3
provider,3
in-person,3
sweets,3
distribution,3
example,3
trigger,3
motivate,3
0.74,3
belief,3
channels,3
articles,3
2010,3
1.13,3
grade,3
possibly,3
terf1,3
former,3
2015,3
4-amino,3
transition,3
highlights,3
marriage,3
trajectories,3
imaging,3
cl,3
interquartile,3
0.42,3
mothers,3
mediating,3
homeless,3
bws,3
objects,3
roll-your-own,3
messages,3
believing,3
supportive,3
conditions,3
chicago,3
add,3
lynch,3
msh2,3
ambient,3
business,3
1.16,3
1.84,3
devices,3
technologies,3
english,3
islander,3
analyze,3
becoming,3
exam,3
determinants,3
min.d,3
st,3
abstinence,3
multiethnic,3
pf,3
adenomas,3
neoplasia,3
postdiagnostic,3
i-iii,3
appalachia,3
phthalates,3
reproducibility,3
suppression,3
2005.,3
nhis-ccm,3
longer,3
brca2,3
ilnd,3
july,3
30-day,3
.0001,3
term,3
1.5,3
diffusion,3
iv,3
latinos,3
disproportionate,3
minorities,3
clinics,3
pragmatic,3
establishing,3
fresh,3
p=0.03,3
hct,3
acquired,3
ses,3
private/military,3
spiritual,3
decisional,3
southern,3
wall,3
incontinence,3
regulation,2
terms,2
ecological,2
momentary,2
end-of-day,2
diary,2
mixed,2
pattern,2
stressor-negative,2
power,2
repeated,2
detect,2
virtue,2
auc,2
slopes,2
threat,2
regressed,2
x-ray,2
absorptiometry,2
1.7,2
2.1,2
74,2
postdiagnosis,2
next,2
involve,2
looking,2
health-risk,2
utilized,2
ex-smokers,2
residence,2
vegetables,2
fruits,2
dairy,2
opioid,2
rs1799971,2
plausibility,2
altering,2
tissue,2
103,2
rna,2
prefrontal,2
cortex,2
quantitative,2
cis-eqtl,2
smallest,2
meta-analysis,2
-8,2
rs3778150-c,2
replicable,2
wait-list,2
76,2
hierarchical,2
group-based,2
feasible,2
eligibility,2
partner,2
needs,2
knew,2
99,2
distant,2
helping,2
cope,2
126,2
inventory,2
epidemiological,2
elected,2
brief,2
avoidant,2
reliably,2
national-level,2
ever-had,2
hints,2
possible,2
prospectively,2
physician-diagnosed,2
hrs,2
modestly,2
1.34,2
1.28,2
confirm,2
pfs-12,2
1-3,2
3-5,2
threshold,2
planning,2
patient/tumor,2
comparing,2
56,2
rectum,2
37,2
variations,2
illinois,2
290,2
160,2
decongestive,2
manual,2
lymphatic,2
drainage,2
bandages,2
compression,2
relied,2
regressions,2
entry,2
form,2
subscale,2
resources,2
payments,2
generalized,2
non-crc,2
2.9,2
counterparts,2
nonsignificant,2
psa,2
led,2
selection,2
or=,2
educated,2
healthier,2
90,2
appeared,2
51.6,2
45.2,2
transportation,2
16.1,2
persists,2
actual,2
community-based,2
informed,2
january,2
2001.,2
143,2
122,2
claim,2
14.8,2
question,2
123,2
72,2
58.5,2
greatly,2
interpretation,2
difficult,2
ascertain,2
programs,2
inadequate,2
advanced-stage,2
persisted,2
higher-grade,2
reach,2
delivered,2
web,2
improvements,2
powerful,2
subsequently,2
offered,2
univariate,2
feeling,2
preclinical,2
beta-adrenergic,2
hyperactive,2
beta-blockers,2
gamma-aminobutyric,2
profile,2
essential,2
researchers,2
efficiency,2
clinician,2
software,2
hardship,2
beyond,2
aggregate,2
1990,2
age-adjusted,2
derive,2
worked,2
dropped,2
hcb,2
beta-hch,2
4-chlorophenyl,2
p'-ddt,2
humans,2
bmcs,2
hearing,2
suppressor,2
stratification,2
staining,2
conferred,2
uspstf,2
optimal,2
life-years,2
sensitive,2
immunochemical,2
stool,2
computed,2
starting,2
assumed,2
incremental,2
beginning,2
empirical,2
physiologic,2
histological,2
root,2
square,2
approximation,2
root-mean-squared,2
residual,2
histology,2
organized,2
occurrence,2
utility,2
battery,2
cognition,2
-0.08,2
units,2
0.27,2
aging,2
numerous,2
advantages,2
largest,2
secondhand,2
shs,2
law,2
regulations,2
places,2
800,2
minimal,2
bans,2
order,2
achieve,2
calibrating,2
self-reports,2
comprising,2
recovery,2
attenuation,2
correlations,2
truth,2
potassium,2
sodium,2
densities,2
derived,2
ffq,2
coefficient,2
intuitive,2
dimensions,2
theory,2
massachusetts,2
thoughts,2
encourage,2
generated,2
modest,2
explanation,2
subtype,2
oestrogen,2
differing,2
somatic,2
throughout,2
42,2
copy,2
heterogeneity,2
emerged,2
losses,2
exhibited,2
exist,2
medicare-insured,2
16.4,2
equal,2
metrics,2
compendium,2
947,2
sedentary,2
completely,2
perspective,2
adiposity,2
hormones,2
ovariectomized,2
c57bl/6,2
extreme,2
epidemic,2
73,2
52.1,2
rapid,2
therefore,2
in-situ,2
survivor,2
norms,2
fatty,2
acids,2
c-reactive,2
form-36,2
pufa,2
.003,2
2.6,2
multiphasic,2
van,2
informant,2
mobile,2
build,2
reasonable,2
options,2
2.91,2
action,2
require,2
conservatively,2
initially,2
cryotherapy,2
competing-risk,2
65-74,2
face,2
module,2
last,2
hmo,2
universities,2
north,2
bidis/kreteks,2
2.2,2
started,2
facilitated,2
investigations,2
metabolism,2
modified,2
tagging,2
genotyped,2
pairs,2
plp,2
b12,2
homocysteine,2
modification,2
relations,2
methylenetetrahydrofolate,2
mthfd1,2
mtrr,2
tyms,2
nominal,2
dnmt3b,2
methionine,2
charge,2
handed,2
92,2
84,2
expensive,2
followed-up,2
hold,2
promise,2
fundamental,2
progressive,2
prespecified,2
milestones,2
forward,2
refinement,2
designs,2
psycinfo,2
causes,2
requiring,2
everything,2
follow,2
complex,2
develops,2
ethnically,2
inherited,2
architecture,2
examples,2
progress,2
lead,2
mastectomy,2
linguistic,2
intentions,2
challenge,2
imputed,2
enrichment,2
rs6674079,2
1q22,2
lncrnas,2
rp11-284f21.8,2
mirlet7bhg,2
rs13053856,2
rs11090910,2
rs11703832,2
rs12170325,2
heterozygous,2
homozygous,2
1.24,2
underlying,2
poorly,2
indicates,2
etiologic,2
investigation,2
maintenance,2
organizations,2
organizational,2
0.70,2
3.4,2
unable,2
p=0.002,2
13.8,2
counts,2
crude,2
melanomas,2
0.22,2
pathogenesis,2
person-years,2
fish,2
0.06,2
offering,2
uterine,2
responsive,2
biennial,2
183,2
slightly,2
1.39,2
lymphoblastic,2
1.55,2
1.32,2
1.54,2
aml,2
1.49,2
1.02,2
173,2
1.08,2
periods,2
attendance,2
visiting,2
closest,2
miles,2
away,2
close,2
proximity,2
vulnerable,2
smoker,2
consisting,2
manner,2
mrs.,2
hybrid,2
post-menopausal,2
fallopian,2
select,2
ct,2
composed,2
he4,2
dissemination,2
excluded,2
47,2
intravenous,2
showing,2
conceptual,2
methodological,2
regulate,2
policy,2
aromatic,2
reproducibly,2
vitro,2
animal,2
receptors,2
metastatic,2
production,2
neurotransmitter,2
collectively,2
printouts,2
answer,2
chart,2
adherent,2
comprised,2
no-contact,2
asking,2
giving,2
appointment,2
post-campaign,2
recalled,2
71,2
campaign-targeted,2
1.62,2
perhaps,2
failures,2
self-management,2
screenings,2
adopted,2
room,2
problem,2
consider,2
systematically,2
document,2
communicate,2
taxonomy,2
compassionate,2
audio,2
recorded,2
resonance,2
course,2
instances,2
facilitate,2
administrative,2
1992,2
1996.,2
klabunde,2
indices,2
c-statistic,2
adding,2
acgs,2
robust,2
interest,2
five-year,2
6-15,2
1,361,2
1994,2
acquire,2
0.93,2
4.8,2
partly,2
attributed,2
onto,2
lymphoma,2
nhl,2
2012-2013,2
hematologist/oncologists,2
25-29,2
macronutrients,2
food-frequency,2
calories,2
high-fat,2
snacks,2
desserts,2
sweet,2
linearly,2
9.8,2
0.69,2
insulin-related,2
promotion,2
tools,2
moderated,2
'very,2
quitting,2
warning,2
labels,2
less-educated,2
produced,2
advice,2
1.45,2
say,2
individually,2
quality-of-life,2
presented,2
1991,2
psychometrically,2
angeles,2
widely,2
promis-sexual,2
cooking,2
4,5-f,2
quinoxaline,2
meiqx,2
dimeiqx,2
mdm,2
bottom,2
quintile,2
hcas,2
483,2
gwass,2
strategy,2
epistasis,2
go,2
gos,2
pair,2
afap1l2,2
pmeta-int,2
telomere,2
finding,2
gene-environment,2
ten,2
pinteraction,2
breastfeeding,2
partially,2
nongenetic,2
epidemiol,2
prev,2
aacr,2
define,2
rheumatoid,2
arthritis,2
alleles,2
eira,2
nhs,2
grs,2
position,2
ap,2
additive,2
prenatally,2
timing,2
immigration,2
residents,2
fast,2
deteriorating,2
bidirectional,2
analytic,2
opposite,2
shape,2
hcv,2
hcv-seropositive,2
st.,2
1997,2
pregnancies,2
estrogens,2
overcome,2
recruitment,2
chose,2
hookah/waterpipe,2
categorized,2
believed,2
attitudinal,2
mediate,2
integrated,2
definition,2
15,000,2
affecting,2
navigation,2
crime,2
walking,2
moderating,2
built,2
spectrum,2
msh6,2
pms2,2
diversity,2
neighborhoods,2
accessibility,2
intersection,2
pm2.5,2
0.61,2
g,2
10-8,2
europeans,2
rs7252505,2
borderline,2
3.7,2
head,2
hpv,2
adjustments,2
construction,2
industry,2
52,2
marketing,2
declines,2
alleviate,2
coordination,2
english-speaking,2
asian/pacific,2
chinese-speaking,2
rated,2
44.4,2
gender-specific,2
7.6,2
5.9,2
talked,2
55.8,2
educational,2
attainment,2
2014,2
classes,2
clothing,2
shade,2
32,2
pants,2
ppv1,2
276,2
82.4,2
12-,2
normal-weight,2
cultural,2
.03,2
religiosity,2
geographically,2
or=1.32,2
p=0.006,2
spot,2
taken,2
intra-class,2
urine,2
certain,2
2-ethylhexyl,2
sufficient,2
ng/ml,2
comorbid,2
initiate,2
20-79,2
continuation,2
addresses,2
must,2
55-79,2
65-79,2
proficiency,2
unadjusted,2
at-risk,2
gail,2
frequent,2
appendicular,2
kg/m,2
sarcopenic,2
peru,2
266,2
hispanel,2
gap,2
dissection,2
limb,2
diabetes,2
lvc,2
preceding,2
remaining,2
concordance,2
statistics,2
brca1/2,2
enabling,2
cares-sf,2
breast-related,2
arms,2
became,2
plco,2
polyps,2
yield,2
screen-detected,2
abnormalities,2
accounting,2
excellence,2
together,2
innovative,2
apparent,2
variance,2
guideline-concordant,2
indian/alaska,2
triple-negative,2
lifestyle-related,2
rr,2
continuum,2
share,2
resourced,2
palliative,2
0.50,2
unique,2
1347,2
breakdown,2
absence-of-screening,2
unmarried,2
1.41,2
list,2
oregon,2
meetings,2
leaders,2
end-of-treatment,2
cotinine,2
bioverified,2
4589,2
nonwhite,2
couple-based,2
rs7597593,2
rs1344706,2
eas,2
rs7597593-t,2
0.016,2
rs1344706-a,2
parity,2
permanent,2
fhcrc,2
iqr,2
3.0,2
spirituality,2
northeastern,2
stage-specific,2
100,000,2
bereavement,2
bereaved,2
pcp,2
fulfilled,2
determining,2
evaluable,2
role-physical,2
advancing,1
preserved,1
emotion,1
thought,1
manifest,1
reductions,1
occurrences,1
robustly,1
quite,1
possessing,1
wider,1
ranges,1
magnitude,1
underpowered,1
detecting,1
direction,1
dysregulation,1
hypothalamic-pituitary-adrenal,1
axis,1
hpa-axis,1
sympathetic-adrenal-medullary,1
sam,1
contributes,1
exhibits,1
altered,1
hpa,1
reactivity,1
salivary,1
19-80,1
quiet,1
sitting,1
evaluative,1
-0.33,1
-0.41,1
0.007,1
-0.39,1
0.25,1
exhibit,1
time-dependent,1
adaptations,1
514,1
dual-energy,1
cofounders,1
4.7,1
kg,1
3.9,1
555,1
past-month,1
felt,1
experimentation/possibility,1
job,1
dating,1
someone,1
breakup,1
curvilinear,1
departure,1
issue,1
cscs,1
12,122,1
milk,1
watching,1
slept,1
exercised,1
got,1
drunk,1
ex-,1
underscoring,1
mu,1
polymorphism,1
conclusively,1
heroin/other,1
nominate,1
messenger,1
224,1
braincloud,1
cis-expression,1
trait,1
totaling,1
16,729,1
australians,1
8.9,1
rs9478495,1
rs9384169,1
rs562859,1
6.3,1
-19,1
importantly,1
rs1799971-a,1
1.48,1
rs1799971-a/rs3778150-c,1
.79,1
rs1799971-a/rs3778150-t,1
lastly,1
rs3823010,1
structure,1
nearby,1
underlie,1
adversely,1
cancer-relevant,1
10-week,1
randomly,1
82,1
posttreatment,1
-0.17,1
-0.23,1
relaxation,1
represent,1
avenue,1
application,1
clinicaltrials.gov,1
nct00121160,1
identifies,1
mentioned,1
1995-2008,1
eighty-three,1
cited,1
recommendation,1
become,1
informational,1
seventy-five,1
remembered,1
69,1
86,1
93,1
doctors,1
returning,1
legal,1
48,1
89,1
lacked,1
scps,1
higher-than-average,1
checklist-90-revised,1
spielberger,1
state-trait,1
3-4,1
stable,1
styles,1
most-recent,1
on-schedule,1
1,581,1
schedule,1
every-other-year,1
81.6,1
79.1-84.1,1
72.2,1
69.0-75.4,1
variable,1
correlate,1
psychosocial/behavioral,1
77,451,1
1992-2010,1
106,452,1
1993-2011,1
5-item,1
mhi-5,1
/=52,1
multivariable-adjusted,1
698,1
2-4years,1
hr=1.30,1
1.05-1.60,1
1.01-1.76,1
0.88-1.85,1
worsening,1
empirically,1
0-10,1
revised,1
857,1
situ-iiia,1
supported,1
4-6,1
7-10,1
d.,1
1-2,1
6-10,1
supporting,1
interpretability,1
comparability,1
controversy,1
discriminatory,1
receiver,1
operating,1
4388,1
773,1
1517,1
separated,1
divorced,1
widowed,1
east,1
midwest,1
calendar,1
75.8,1
uncertainties,1
florida,1
65+,1
2003.,1
applicable,1
formal,1
450,1
64.4,1
35.6,1
swelling,1
side,1
absent,1
contralateral,1
13.4,1
bandaging,1
stretch,1
sleeves,1
remedial,1
exercises,1
8.3,1
162,1
55.9,1
garments,1
pneumatic,1
pump,1
solely,1
relieve,1
22.4,1
undiagnosed,1
bandages/compression,1
multimodality,1
disabling,1
thereby,1
optimally,1
714,1
collecting,1
classify,1
gathered,1
36-item,1
barometer,1
devoted,1
differentials,1
american-white,1
ii-iii,1
1992-1996,1
track,1
fee-for-service,1
postsurgical,1
projected,1
unstandardized,1
44,199,1
38,378,1
34,588,1
insignificant,1
974,1
urban-rural,1
trivial,1
nonracial,1
considerably,1
advent,1
america,1
dramatic,1
radical,1
prostatectomy,1
3,173,1
presenting,1
hematuria,1
'clinically,1
asymptomatic,1
'screening-detected,1
67,1
0.05.,1
appropriately,1
socio-economic,1
earlier-stage,1
non-metastatic,1
2009-2011,1
6-24,1
post-treatment,1
203,1
62,1
21.3,1
anxiety/worry,1
29.4,1
4.4,1
3.3,1
1.1-10.1,1
accessing,1
enhancing,1
fear,1
member,1
1.0.,1
patient-recall,1
institutional,1
boards,1
institutions,1
radiologist,1
colorado,1
hampshire,1
routinely,1
interpret,1
interpretive,1
181,1
139,1
76.8,1
124,1
interpreted,1
557,1
52.4,1
mammography-related,1
81.0,1
63,1
stressful,1
94,1
76.4,1
moderately,1
biopsies,1
historical,1
35.3,1
withdrawing,1
concerned,1
affects,1
reason,1
requires,1
institute-funded,1
ascertained,1
linkage,1
1,010,515,1
17,558,1
node-positive,1
adequate,1
assistance,1
adapted,1
successful,1
package,1
internet,1
consisted,1
specialized,1
personalized,1
1-year,1
post-randomization,1
accomplished,1
mostly,1
simple,1
endpoint,1
285,1
6-month,1
observation,1
adhered,1
0.043,1
49.7,1
54.1,1
66.7,1
33.3,1
view,1
race-related,1
summarizes,1
non,1
indirect,1
receptor-regulated,1
pharmacological,1
interference,1
camp-dependent,1
protocols,1
monitor,1
systemic,1
camp,1
balancing,1
stakeholders,1
regulators,1
payors,1
underreporting,1
interfaces,1
precision,1
complement,1
contracted,1
bank,1
eliciting,1
called,1
usability,1
scalability,1
prototype,1
academic,1
dynamics,1
family-level,1
sex-stratified,1
fixed-effects,1
200,1
labor-market,1
earnings,1
recovered,1
impacts,1
driven,1
mitigate,1
organochlorine,1
hexachlorobenzene,1
beta-hexachlorocyclohexane,1
1,1,1-trichloro-2,2-bis,1
ethane,1
1,1-dichloro-2,2-bis,1
ethylene,1
p'-,1
dde,1
ototoxic,1
p'-dde,1
distortion,1
otoacoustic,1
emissions,1
polychlorinated,1
biphenyl,1
pcb,1
congeners,1
pcbs,1
ocp,1
benchmark,1
pcb-153,1
dpoae,1
amplitudes,1
postnatal,1
tonotopicity,1
amplitude,1
strength,1
conclude,1
infancy,1
deficits,1
epithelium,1
tissues,1
immunohistochemistry,1
well-characterized,1
171-women,1
1967-1991.,1
nuclear,1
scored,1
adjacent,1
grouped,1
competing,1
15-year,1
2-fold,1
2.5-fold,1
0.006,1
lobule,1
20-year,1
low-moderate,1
0.0008,1
biomarker,1
task,1
force,1
updating,1
begin,1
model-recommendable,1
hypothetical,1
guaiac-based,1
multitarget,1
tomographic,1
colonography,1
ending,1
colonoscopies,1
152,1
313,1
ranged,1
900,1
55-75,1
7500,1
45-85,1
adequately,1
270,1
256,1
248,1
244,1
metastasis,1
norepinephrine,1
365,1
suspected,1
frozen,1
high-performance,1
liquid,1
chromatography,1
electrochemical,1
confirmatory,1
distinct,1
unitary,1
2-factor,1
0.048,1
0.982,1
0.035,1
beta-blocker,1
caffeine,1
0.052,1
0.955,1
0.036,1
-.24,1
.045,1
reminders,1
40.,1
yearly,1
summaries,1
1986-1998,1
1995-1998,1
mammography-within-two-years,1
25.9,1
51.2,1
32.9,1
74.7,1
50.,1
0.87,1
0.77-0.99,1
50-79,1
0.86,1
0.80-0.92,1
parallel,1
0.31,1
0.16-0.61,1
program-enrolled,1
0.45,1
0.21-0.95,1
concluded,1
un-enrolled,1
neuropsychological,1
invited,1
7,167,1
composite,1
psychomotor,1
speed,1
learning,1
memory,1
1,866,1
5,301,1
non-responders,1
hypertension,1
-0.16,1
0.00,1
nuts,1
servings/week,1
serving/month,1
0.15,1
world,1
consumer,1
hundreds,1
millions,1
protect,1
local-level,1
2007-2012,1
face-to-face,1
mainland,1
generalised,1
2012,1
three-quarters,1
venue,1
partial,1
enforced,1
urgently,1
gains,1
diet-disease,1
24-hour,1
recalls,1
ffqs,1
pooling,1
ffq-reported,1
minimally,1
capture,1
dependencies,1
unchanged,1
draw,1
took,1
2007-2011,1
garden,1
specifying,1
emotions,1
activated,1
determination,1
n=568,1
n=182,1
n=127,1
reliable,1
five-factor,1
solution,1
causation,1
tapping,1
feelings,1
endorsement,1
prove,1
aetiology,1
exogenous,1
ratio=0.55,1
interval=0.32-0.96,1
leukaemogenesis,1
aetiologic,1
accumulate,1
landscape,1
tumorigenesis,1
exomic,1
microsatellite-stable,1
paired,1
mucosae,1
sequenced,1
dataset,1
cnv,1
553,1
validate,1
4,886,1
snv,1
snvs,1
shared,1
revealing,1
tumor-specific,1
landscapes,1
nevertheless,1
converged,1
cellular,1
apoptosis,1
codons,1
fam123b,1
wtx,1
aberrations,1
mesenchymal,1
inhibition,1
canonical,1
wnt,1
existence,1
moreover,1
characteristic,1
masterfile,1
5294,1
consult,1
consultation,1
59.3,1
70.4,1
10.9,1
5.1,1
65.7,1
86.3,1
20.6,1
10.7,1
30.4,1
stay,1
27,1
learn,1
express,1
consensus,1
normalizes,1
sizes,1
advance,1
rmr,1
schofield,1
hum,1
nutr,1
clin,1
nut,1
suppl,1
1985,1
ml.min-1,1
kilogram,1
ml.kg-1.min-1,1
scaled,1
ml.kg-0.75.min-1,1
-1,1
allometric-scaled,1
low-intensity,1
ee,1
practical,1
leptin,1
non-ovariectomized,1
fed,1
calorically,1
dense,1
diets,1
induce,1
profiles,1
whole,1
complementary,1
osteopenia,1
rising,1
interrelated,1
image,1
576,1
503,1
1988,1
1993.,1
figure,1
ki-67,1
positivity,1
-mammographic,1
27.7,1
2.36,1
4.77,1
24.7,1
3.58,1
2.15,1
5.97,1
67.6,1
30.6,1
37.6,1
faster,1
disease-free,1
multi-center,1
1183,1
rand,1
non-fatigued,1
forty-one,1
inactivity,1
gain/personal,1
appearance,1
notably,1
compromises,1
drive,1
polyunsaturated,1
thirty-three,1
frequency/dietary,1
supplement,1
assayed,1
amyloid,1
continuously,1
dichotomously,1
sensory,1
1.8,1
v,1
supplementation,1
cervix,1
parameters,1
simultaneous,1
subsidized,1
hard-to-reach,1
underscreened,1
coordinate,1
infrastructure,1
investment,1
translate,1
saved,1
threatened,1
extent,1
recommend,1
459,1
discussing,1
told,1
2.28,1
1.03-5.00,1
1.41-5.91,1
5.46,1
1.59-18.72,1
posing,1
3.39,1
1.60-7.16,1
1.98,1
1.00-3.97,1
2.97,1
1.16-7.63,1
3.53,1
1.63-7.65,1
child-rearing,1
posed,1
predefined,1
137,1
1992-2009,1
3.7-8.0,1
t1c,1
16-35,1
21-27,1
38,1
32-44,1
mo,1
disease-specific,1
low-grade,1
investigates,1
reside,1
or=40,1
nhis,1
tabulations,1
payment,1
7000,1
or=66,1
paying,1
non-hmo,1
northeast,1
non-metropolitan,1
penetration,1
eliminating,1
lag,1
behind,1
privately,1
market,1
expands,1
introduced,1
3146,1
first-year,1
virginia,1
fall,1
2010.,1
48.6,1
37.9,1
29.3,1
24.6,1
11.1,1
17years,1
poly,1
escalation,1
folate-mediated,1
gene-nutrient,1
comprehensively,1
eighty-eight,1
821,1
rbc,1
pyridoxal-5'-phosphate,1
vitamin,1
conditional,1
enzyme-nutrient,1
functionally,1
dehydrogenase,1
k134r,1
5-methyltetrahydrofolate-homocysteine,1
methyltransferase,1
p450r,1
containing,1
znf,1
prdm2,1
s450n,1
thymidylate,1
synthase,1
g.676789a,1
cystathionine-beta-synthase,1
cbs,1
dihydrofolate,1
dhfr,1
cytosine-5-,1
-methyltransferase,1
3beta,1
adenosyltransferase,1
alpha,1
mat1a,1
plasma/rbc,1
hydrolase,1
folh1,1
paraoxonase,1
pon1,1
transcobalamin,1
tcn2,1
dnmt1,1
ts3,1
betaine-homocysteine,1
s-methyltransferase,1
bhmt2,1
mthfr,1
alanyl-transfer,1
synthetase,1
aars,1
emerge,1
modifiers,1
offer,1
iowa,1
two-day,1
eighty,1
card,1
indeterminate,1
endeavor,1
forced,1
receptive,1
accelerate,1
basic,1
sciences,1
great,1
behaviorally,1
translating,1
science,1
discoveries,1
ready,1
obesity-related,1
return,1
optimization,1
rationale,1
methodologies,1
well-suited,1
answering,1
backward,1
evidence-based,1
treat,1
ensuring,1
success,1
faced,1
searching,1
6,369,1
information-seeking,1
nearly,1
44.9,1
searched,1
47.7,1
frustration,1
41.3,1
57.7,1
seekers,1
1.5-2.6,1
done,1
1.9-3.8,1
hard,1
3.2,1
2.3-4.5,1
searches,1
suboptimal,1
facilitation,1
like,1
moving,1
longitudinally,1
1263,1
oversampled,1
ever-smoking,1
15-16,1
p-values,1
p=.62,1
detrimental,1
converge,1
consequence,1
arise,1
syndromes,1
predisposing,1
dozen,1
predominantly,1
late,1
'sporadic,1
obvious,1
weak,1
sporadic,1
validations,1
causally,1
sequencing,1
throughput,1
experiments,1
integration,1
tumour,1
shed,1
carcinogenic,1
summarising,1
discusses,1
modify,1
uncovering,1
breast-ovarian,1
transvaginal,1
ultrasound,1
proactive,1
reactive,1
oophorectomy,1
unexamined,1
ashkenazi,1
jewish,1
78,1
audiorecorded,1
inquiry,1
word,1
ca-125,1
plus,1
teasing,1
communicator,1
spur,1
resistance,1
hypothesize,1
germline,1
icogs,1
experiment,1
progression-free,1
2,901,1
first-line,1
cytoreductive,1
regimen,1
1,098,1
cycles,1
paclitaxel,1
carboplatin,1
doses,1
4,434,1
atlas,1
intragenic,1
rs4910232,1
11p15.3,1
rs2549714,1
16q23,1
noncoding,1
rnas,1
rp11-179a10.1,1
rp11-314o13.1,1
7.1,1
encode,1
chip-seq,1
ovary,1
histone,1
perfectly,1
super-enhancer,1
mef2d,1
reportedly,1
solid,1
yap1-,1
wwtr1,1
taz,1
-stimulated,1
high-density,1
lipoprotein,1
hdl,1
-mediated,1
lipid,1
transport,1
pgsea,1
-3,1
exposure-gene,1
833,1
739,1
gene-asbestos,1
ranked,1
ilcco,1
1,548,1
1,527,1
de,1
novo,1
genotyping,1
replicate,1
1,539,1
1,761,1
snp-asbestos,1
mirlet7b,1
host,1
22q13.31,1
df,1
unit,1
log-transformed,1
sex-,1
center-adjusted,1
1.18-1.51,1
1.14-1.35,1
1.17-1.40,1
1.15-1.38,1
exposure-related,1
asbestos-associated,1
european-americans,1
450k,1
islands,1
cgi,1
cgi-shores,1
n=138,1
mammoplasty,1
n=124,1
separation,1
delineation,1
157,1
0.17,1
races,1
twice,1
er-negative,1
er-positive,1
differentially,1
methylated,1
biologic,1
second-degree,1
relatives,1
responding,1
aware,1
intense,1
or=3.0,1
1.5-5.9,1
gynecologists,1
or=2.8,1
1.5-5.4,1
easily,1
incorporated,1
625,1
sampled,1
551,1
papanicolaou,1
1.77,1
1.26-2.49,1
1.09-1.46,1
echocardiogram,1
0.52-0.95,1
somatization,1
risk-based,1
indicator,1
encounters,1
non-elderly,1
assesses,1
service,1
2008-2012,1
4,271,1
96,780,1
18-64,1
spending,1
2015.,1
p=0.009,1
18.4,1
7.9,1
10.2,1
19.2,1
12.5,1
21.6,1
age-appropriate,1
63.2,1
75.9,1
p=0.02,1
phenotypic,1
genetically,1
middle,1
onward,1
senescence,1
2,184,1
684,1
31.3,1
breslow,1
thickness,1
ulceration,1
5-,1
melanoma-specific,1
91.2,1
86.4,1
87.2,1
79,1
0.43,1
0.21-0.89,1
0.08-0.60,1
crohn,1
ulcerative,1
colitis,1
inflammatory,1
bowel,1
1998.,1
763,229,1
0.47,1
0.23-0.98,1
fiber,1
leiomyomata,1
benign,1
myometrium,1
steroid,1
malignancies,1
hormonally,1
57,747,1
2013.,1
biennially,1
2,276,1
1,699,1
394,1
879,672,1
0.99,1
0.90-1.08,1
1.03,1
1.05,1
0.99-1.31,1
0.93-1.40,1
0.89-1.61,1
0.97-1.99,1
1.01-1.58,1
appreciably,1
strata,1
recency,1
confirmation,1
harmonized,1
compatible,1
formats,1
undertaken,1
shortly,1
conception,1
1.25,1
2,785,1
3,635,1
1.43,1
5,055,1
7,370,1
1.36,1
1.23,1
1.51,1
4,162,1
5,179,1
2.16,1
1,789,1
1.21,1
1.99,1
344,1
4,666,1
0.76,1
1.53,1
198,1
2,655,1
limit,1
1332,1
undergraduate,1
21.2,1
attending,1
72.8,1
81.5,1
portion,1
campus,1
crowded,1
experimenting,1
patrons,1
non-smoker,1
entertaining,1
zoning,1
laws,1
anti-hookah,1
legislation,1
curb,1
prohibiting,1
opening,1
admission,1
esophageal,1
metabolomic,1
sets,1
histologically,1
texas,1
md,1
anderson,1
321,1
331,1
l-proline,1
ketone,1
3-hydroxybutyrate,1
carbohydrate,1
d-mannose,1
22.78,1
6.79,1
28.24,1
8.64,1
18.06,1
17.84,1
7.73,1
9.92,1
9.87,1
4.28,1
6.28,1
3.61,1
10.61,1
4.79,1
8.97,1
3.36,1
.005,1
decrease,1
0.26,1
0.18-0.38,1
4.05,1
2.84-5.78,1
7.04,1
4.79-10.34,1
dose,1
jointly,1
7.76-fold,1
23.40,1
10.95-50.00,1
tube,1
peritoneal,1
74,786,1
210,1
536,1
marker,1
725,1
elevated-risk,1
exceeding,1
intact,1
tubes,1
7.8years,1
post-enrollment,1
=2.6,1
7years,1
hr=4.6,1
misclassification,1
warranting,1
updated,1
ii/iii,1
situ/early-stage,1
non-small-cell,1
gold,1
reabstracting,1
contacting,1
reviewing,1
kappa,1
capecitabine,1
intravenously,1
agent,1
97,1
changing,1
individual-level,1
multilevel,1
healthful,1
amount,1
overarching,1
socioecological,1
guided,1
emphasis,1
clearly,1
picture,1
child-specific,1
policy-based,1
restructure,1
apply,1
rare,1
resolved,1
hope,1
toolboxes,1
extensively,1
tobacco-specific,1
nitrosamines,1
polycyclic,1
hydrocarbons,1
rodents,1
non-small,1
modulation,1
sensitization,1
acetylcholine,1
nachrs,1
inhibitory,1
gaba,1
nachr-mediated,1
stimulation,1
xenograft,1
hyperactivity,1
sympathetic,1
branch,1
autonomic,1
nervous,1
agonists,1
incidental,1
underused,1
depend,1
tablet-based,1
asks,1
appointments,1
generates,1
summarizing,1
matching,1
guideline-based,1
age-eligible,1
printed,1
0.023,1
cris-tailored,1
nontailored,1
tailoring,1
added,1
'giving,1
smoking-related,1
3709,1
pre-campaign,1
fourteen,1
n=335,1
disagree,1
58,1
mean=1.97,1
disagreeing,1
secular,1
contamination,1
downstream,1
effectively,1
fight,1
informants,1
theoretically,1
fundamentally,1
operationalization,1
formatting,1
written,1
documents,1
array,1
extolled,1
behavioural,1
behaviours,1
discerned,1
observer,1
audio-recorded,1
rochester,1
recordings,1
listened,1
skills,1
sensitizing,1
oriented,1
recognition,1
paralinguistic,1
expressions,1
performative,1
comments,1
unfolded,1
conversation,1
discrete,1
non-verbal,1
e.g,1
silence,1
catalogue,1
dialogues,1
training,1
claims-based,1
undertook,1
5777,1
outpatient,1
inpatient,1
acg,1
nested,1
improves,1
depends,1
0.776,1
0.779,1
0.789,1
0.687,1
0.717,1
0.744,1
minor,1
fairly,1
choose,1
comfort,1
methodology,1
system-matched,1
adjudicated,1
captured,1
membership,1
4.1,1
5.6,1
stagnant,1
15-39,1
initiatives,1
accrual,1
population-level,1
3135,1
non-hodgkin,1
hodgkin,1
sarcoma,1
17.9,1
20-44,1
568,1
1451,1
anthropometric,1
usage,1
variety,1
meats,1
sodas,1
1.0-1.8,1
carbonated,1
beverages,1
meals,1
0.4-1.1,1
hypothesized,1
insulin,1
suggestion,1
ate,1
office-based,1
gastroenterologists,1
infrequently,1
corresponded,1
meet,1
pa.,1
directions,1
investigating,1
conjunction,1
prominent,1
come,1
2006-2009,1
cross-sectionally,1
person-waves,1
n=14,358,1
continuing,1
think,1
restrictions,1
advertisements,1
family/societal,1
disapproval,1
34.9,1
mention,1
24.4,1
24.0,1
61.1,1
48.3,1
quarter,1
dependence,1
endorsing,1
attempts,1
missed,1
regard,1
taxation,1
unintended,1
exacerbated,1
2406,1
10-14,1
15-34,1
3.17,1
1.30,1
7.70,1
said,1
advised,1
0.38,1
thinking,1
coupled,1
advise,1
non-adherence,1
predicts,1
online,1
2254,1
mediation,1
forty,1
seeing,1
reading,1
point-of-sale,1
harmful,1
person,1
or=1.43,1
ci=1.006,1
2.050,1
or=1.406,1
ci=1.034,1
1.912,1
-sexual,1
institutes,1
roadmap,1
descriptions,1
consensus-driven,1
bibliographic,1
486,1
in-depth,1
257,1
california-los,1
erectile,1
multidimensional,1
justifies,1
publicly,1
legacy,1
heterocyclic,1
amines,1
hca,1
high-temperature,1
2-amino-1-methyl-6-phenylimidazo,1
4,5-b,1
pyridine,1
2-amino-3,8-dimethylimidazo,1
2-amino-3,4,8-trimethylimidazo,1
meat-derived,1
mutagenicity,1
2,770,1
26,030,1
1.18,1
1.03-1.35,1
1.12,1
0.98-1.27,1
0.95-1.22,1
1.09,1
0.97-1.21,1
1.00-1.28,1
4+3,1
281,1
1.44,1
1.04-1.98,1
1.50,1
0.99-2.26,1
0.12,1
unprocessed,1
processed,1
account,1
interactive,1
two-step,1
gene-set,1
gsea,1
ontology,1
melarisk,1
3,976,1
mdacc,1
2,827,1
cross-gene,1
snp-snp,1
melanoma-associated,1
intersnp,1
enriched,1
false,1
stimulus,1
induction,1
programmed,1
cytokine,1
oxidative,1
phosphorylation,1
multiple-testing,1
corrected,1
thresholds,1
involving,1
3.6,1
proteins,1
brings,1
piece,1
dysfunction,1
post-gwas,1
gwas-identified,1
2,107,1
2,587,1
unaffected,1
104,1
ancestry-informative,1
discriminate,1
indigenous,1
rs13387042-2q35,1
g/a,1
0.94,1
0.74-1.20,1
0.94-1.53,1
1.28-1.75,1
0.002,1
breastfed,1
1.01,1
0.72-1.42,1
1.19,1
0.98-1.45,1
1.69,1
1.26-2.26,1
0.014,1
interplay,1
genetics,1
contribution,1
1731-8,1
seropositive,1
context,1
acid-based,1
immunochip,1
classical,1
swedish,1
1,654,1
1,934,1
229,1
360,1
1,390,1
735,1
pack-years,1
ra-associated,1
hla-b,1
hla-dpbeta1,1
attributable,1
deviation,1
joint,1
0.416,1
0.467,1
0.796,1
interacting,1
risk-associated,1
residues,1
citrullinated,1
autoantigens,1
hla-dr,1
molecules,1
primarily,1
stroke,1
1,001,1
magnitudes,1
0.8-9.4,1
0.9-9.0,1
1.1-10.3,1
accelerates,1
2001-2009.,1
dealt,1
random-intercepts,1
30.3,1
29.1,1
immigrants,1
attempt,1
post-intervention,1
.102,1
.037,1
0.34,1
.007,1
relapse,1
marked,1
adds,1
drawing,1
theories,1
butler,1
diamond,1
aspinwall,1
dyadic,1
newlywed,1
liu,1
rovine,1
klein,1
almeida,1
papp,1
pendry,1
simon,1
adam,1
saxbe,1
repetti,1
covariation,1
366,1
saliva,1
indexed,1
multimeasure,1
enabled,1
matured,1
cohabitation,1
dissatisfaction,1
matures,1
transfusions,1
hepatitis,1
virus,1
second-generation,1
1992.,1
113hcv-seropositive,1
jude,1
1962,1
survived,1
2014.,1
liver,1
limits,1
range=28-36,1
post-cancer,1
range=24-38,1
34,1
6.5,1
observe,1
ptrend=0.99,1
uncomplicated,1
trimester,1
prolactin,1
nulliparous,1
n=160,1
parous,1
n=260,1
androgens,1
occurring,1
homelessness,1
thematic,1
consistency,1
pretests,1
functionality,1
comprehension,1
wording/language,1
best-worst,1
-also,1
object,1
scaling-to,1
decision-relevant,1
subsets,1
provider-related,1
attitude,1
familiarity,1
setting-related,1
acceptance,1
procedure-related,1
timing/convenience,1
fears,1
hygiene,1
delivery/fear,1
overwhelmed,1
pretesting,1
format,1
priorities,1
n=3738,1
actively,1
passively,1
60.6,1
87.3,1
hookah/waterpipes,1
49.8,1
=1.48,1
aor=1.69,1
aor=1.61,1
passive,1
aor=2.76,1
aor=2.12,1
1419,1
collect,1
separately,1
unnecessary,1
ease,1
arranging,1
nonsignificance,1
0.82-1.54,1
0.91,1
0.41-2.00,1
seek,1
efficacious,1
salient,1
historic,1
contemporary,1
navigated,1
il,1
671,1
indirectly,1
programmes,1
moderators,1
accelerometer-based,1
7273,1
multi-country,1
perceiving,1
land,1
mix-access,1
curvilinearly,1
attributes,1
socio-demographic,1
optimize,1
act,1
socially-equitable,1
mismatch,1
repair,1
histories,1
segregation,1
conditioned,1
ascertainment,1
studying,1
mutation-carrying,1
disrupt,1
61,1
920,1
36.2,1
10.5,1
-83.9,1
29.7,1
8.31,1
-76.1,1
3.44-56.5,1
connectivity,1
attenuate,1
spanning,1
entire,1
residence-level,1
infousa,1
streetmap,1
gis-based,1
spatiotemporal,1
1.58,1
1.31,1
1.27,1
1.35,1
1.80,1
1.88,1
microg/m,1
somewhat,1
nationwide,1
neighborhood-level,1
pollution-walkability,1
allow,1
walkable,1
ethnic/racial,1
fine-map,1
discover,1
6,597,1
1,894,1
4,703,1
2,041,1
891,1
1,150,1
rs56848936,1
sympk,1
19q13.3,1
2.4,1
amerindians,1
genomes,1
fine-mapping,1
19q13.1,1
originally,1
rs10411210,1
1,611,1
4,330,1
0.84,1
0.79-0.89,1
conducting,1
papillomavirus,1
squamous,1
serology,1
753,1
913,1
ever-exposed,1
occupation,1
restricted,1
never-smokers,1
ever-smokers,1
null,1
well-controlled,1
stemming,1
uncontrolled,1
weighing,1
bitumen,1
explores,1
'vapor,1
17,1
semistructured,1
opinions,1
n=87,1
mainly,1
non-daily,1
experimentation,1
reflected,1
bodily,1
sensations,1
gauge,1
steeped,1
culture,1
'toy,1
lives,1
conventional,1
counter,1
unregulated,1
understudied,1
contain,1
toxicants,1
carcinogens,1
difficulties,1
connecting,1
life/parent,1
ninety-four,1
outpatients,1
therapy-general,1
thermometer,1
coparents,1
month,1
routines,1
biggest,1
sense,1
coparent,1
parent,1
4,093,1
3,685,1
surrogates,1
spanish,1
nursing,1
53.0,1
0.49,1
language,1
pacific,1
time.methods,1
1987,1
consists,1
32.2,1
29.8,1
15.3,1
48.5,1
41.0,1
31.4,1
genders,1
documenting,1
becomes,1
preferred,1
incur,1
ultraviolet,1
uv,1
latent,1
elementary,1
los,1
2013-,1
n=972,1
four-class,1
labeled,1
low/inconsistent,1
engagement,1
=4.77,1
girls,1
boys,1
protecting,1
or=3.46,1
or=2.65,1
sunburn,1
or=0.53,1
reveal,1
complexity,1
achieving,1
gaining,1
underutilize,1
encountered,1
closely,1
techniques,1
mediational,1
quantify,1
5,581,1
bs,1
-0.40,1
-0.34,1
-0.69,1
ps,1
contributing,1
variability,1
salience,1
scarce,1
differs,1
256,470,1
31,654,1
133,152,1
/=40,1
1,095,1
8.6,1
8.5,1
83.7,1
91.8,1
91.9,1
5.3,1
differentiated,1
equivalent,1
2003-2004,1
2005-2006,1
6-19,1
10-h,1
accelerometry,1
3106,1
minute,1
6-,1
11-yr-olds,1
88,1
15-yr-olds,1
33,1
16-,1
19-yr-olds,1
mexican,1
0.004,1
15-yr-old,1
0.050,1
three-way,1
age-body,1
index-race/ethnicity,1
qualitatively,1
alter,1
uniformly,1
race/ethnic,1
incorporate,1
trying,1
conduct,1
termed,1
psychotherapy,1
urn,1
seven-day,1
biochemically,1
abstinent,1
2.75,1
7.42,1
.046,1
follow-ups,1
6.69,1
38.47,1
steep,1
2.64,1
1.06,1
6.56,1
=.04,1
incorporating,1
ppt,1
paper,1
nonrecurring,1
804,1
multicenter,1
timepoints,1
mos,1
subscales,1
mh,1
final,1
'other,1
referent,1
retired,1
disabled,1
unemployed,1
leave,1
inversely,1
chemoprevention,1
raised,1
carcinogenesis,1
folic,1
fortified,1
supplements,1
gather,1
b-vitamin,1
microsatellite,1
instability,1
island,1
methylator,1
kras,1
braf,1
pik3ca,1
interspersed,1
element,1
1550,1
14.9,1
641,1
176,1
p-trend,1
0.21,1
pathologic,1
802,1
57.2,1
inverse,1
fact,1
co-occurs,1
struggling,1
2-step,1
floating,1
catchment,1
traditional,1
pennsylvania,1
ohio,1
kentucky,1
2008.,1
breast-conserving,1
receptor-positive,1
nonstationarity,1
spatial,1
15,299,1
iii-iv,1
=0.86,1
or=0.95,1
primary-care,1
or=0.96,1
46.9,1
or=1.18,1
p=0.047,1
or=1.12,1
p=0.021,1
methodologically,1
substantively,1
substandard,1
esters,1
man-made,1
chemicals,1
plasticizers,1
solvents,1
ingestion,1
inhalation,1
dermal,1
absorption,1
metabolized,1
excreted,1
middle-aged,1
shanghai,1
1997-2000,1
2002-2006,1
7.5,1
bottled,1
water,1
collection,1
/=0.3,1
mono,1
di,1
/=0.4,1
3,533,1
kaplan-meier,1
organ,1
confined,1
ct1-2,1
prostatic,1
followup,1
censored,1
8.1,1
59-72,1
86-94,1
nomogram,1
spite,1
discontinue,1
prematurely,1
february,1
712,1
initiating,1
1.24-6.84,1
2.23,1
0.99-5.05,1
0.0543,1
exceeded,1
70,000,1
0.55,1
0.29-1.04,1
0.08,1
demonstrates,1
shifted,1
medications,1
3-11,1
73.8,1
87.1,1
77.5,1
repeat-to-recent,1
existed,1
emergency,1
unexpected,1
latinas,1
200-299,1
alert,1
seem,1
discrepant,1
steadily,1
1990s,1
expand,1
3,502,1
3,491,1
algorithm,1
64.1,1
45k,1
probably,1
imprecision,1
nature,1
pertinent,1
worldwide,1
50,044,1
twin,1
twins,1
born,1
1908,1
1982,1
constitutional,1
marital,1
moles,1
paradoxically,1
uv-related,1
continues,1
evolve,1
motivators,1
disparate,1
thicker,1
i-iiia,1
471,1
mexico,1
inception,1
deviations,1
divided,1
squared,1
5.45,1
9.2,1
46,1
race-ethnicity/study,1
waist,1
circumference,1
2.86,1
1.67-4.89,1
1.95,1
0.87-4.35,1
skeletal,1
muscle,1
warrants,1
live,1
lima,1
unselected,1
114,1
brca,1
mutation-positive,1
185delag,1
represented,1
2080dela,1
943ins10,1
3878delta,1
3036del4,1
peruvian,1
underutilized,1
expansion,1
beneficiary,1
community-dwelling,1
renal,1
8,330,1
7,889,1
7,614,1
colonoscopy/sigmoidoscopy,1
6-year,1
widened,1
0.19-0.39,1
0.35,1
0.27-0.46,1
0.18,1
0.11-0.30,1
0.17-0.30,1
expanding,1
inguinal,1
accrued,1
infection,1
seroma,1
dehiscence,1
19-item,1
preoperatively,1
postoperatively,1
microcosting,1
77.4,1
11.4,1
1.6-78.5,1
nodal,1
approached,1
9.0,1
0.79-103.1,1
.08,1
deep,1
pelvic,1
iliac/obturator,1
4.6,1
2,392,998,1
11,638,1
stringent,1
criterion,1
statistic,1
accuracy,1
0.631,1
0.618,1
0.644,1
0.624,1
0.619,1
0.630,1
able,1
short-,1
disclosure,1
intrusive,1
uninformative,1
three-month,1
dissipated,1
constant,1
sub-groups,1
unidimensional,1
foundation,1
short-form,1
adaptive,1
steering,1
committee,1
overview,1
proposed,1
logic,1
checking,1
spread,1
frequencies,1
assumptions,1
unidimensionality,1
independence,1
monotonicity,1
banking,1
summarized,1
well-defined,1
49.,1
ductal,1
cooperative,1
organization,1
216,1
anova,1
7.3,1
impairment,1
emphasize,1
optimizing,1
6.0,1
692,1
25-45,1
year-long,1
contacts,1
non-intensive,1
semi-annually,1
-3.45,1
-6.10,1
-0.79,1
0.0109,1
0.10,1
0.16,1
0.0021,1
trended,1
toward,1
-2.72,1
-5.45,1
0.0508,1
diminished,1
-1.64,1
-3.13,1
-0.15,1
0.0308,1
diminish,1
disproportionately,1
572,1
trial-sponsored,1
dispersed,1
november,1
1993,1
lesions,1
referred,1
workup,1
reviewed,1
log,1
binomial,1
57,1
561,1
3011,1
13,743,1
23.9,1
767,1
25.5,1
9944,1
72.4,1
480,1
62.6,1
0.88,1
0.83,1
424,1
dysplasia,1
villous,1
mm,1
playing,1
recreational,1
448,1
197,1
2.5,1
stratifying,1
post,1
hoc,1
global,1
racially,1
progesterone,1
-negative,1
0.0004,1
er/pr-negative,1
dedicated,1
aggressiveness,1
equitable,1
ameliorate,1
eliminate,1
consumers,1
1901,1
fobts,1
medicare-covered,1
56.8,1
39.1,1
0.48,1
0.33-0.70,1
endoscopic,1
3.06,1
1.70-5.51,1
intensity-modulated,1
option,1
diffused,1
decade,1
10,028,1
non-imrt,1
smaller,1
though,1
preponderance,1
forms,1
102,064,1
2010-2011,1
her2,1
hr/her2,1
ii-iv,1
3.9-fold,1
non-guideline-concordant,1
characterization,1
persist,1
1666-72,1
1999.,1
linking,1
extract,1
90,128,1
0.79,1
1999,1
45.6,1
35.8,1
external,1
beam,1
53.7,1
42.4,1
crucial,1
well-established,1
non-modifiable,1
7,115,1
75,216,1
hawaiian,1
japanese,1
calculate,1
rrs,1
calcium,1
legumes,1
lycopene,1
selenium,1
/=20,1
0.72,1
0.63-0.83,1
yes,1
0.78,1
0.72-0.85,1
twofold,1
african-americans,1
prevalences,1
patient-level,1
n=606,1
definitive,1
accreditation,1
certification,1
radiology,1
nonaccredited,1
delays,1
resectable,1
fourth,1
emphasizes,1
pancreas,1
nci,1
care/quality,1
poc/qoc,1
697,1
0.37-0.95,1
0.27-0.95,1
14.1,1
0.09,1
0.01-0.62,1
0.07,1
0.01-0.49,1
image-related,1
186,1
2-arm,1
pre-,1
assignment,1
rating,1
abstaining,1
sunburns,1
acceptable,1
engages,1
tanners,1
incomplete,1
compromise,1
cognitive-attitudinal,1
184,1
immediate,1
bivariate,1
2.73,1
1.25-5.96,1
1.08-6.21,1
0.20-0.85,1
0.27-0.92,1
patient/provider,1
reviews,1
automated,1
1995-1999,1
=3,1
cm,1
earliest,1
13-36,1
distributed,1
differently,1
39.5,1
8.4,1
34.4,1
56.9,1
8.8,1
2.17,1
2.56,1
2.77,1
2.10,1
3.65,1
1.78,1
2.24,1
2.34,1
blocks,1
49.4,1
54.4,1
42.9,1
.004,1
reaching,1
challenges,1
recruiting,1
unexplored,1
partnership,1
advisory,1
board,1
affiliated,1
16-state,1
practice-based,1
federally,1
sponsored,1
contacted,1
arranged,1
teams,1
consolidated,1
thematically,1
discussions,1
nonparticipating,1
assure,1
capacity,1
prepare,1
mailings,1
protocol,1
discomfort,1
requirements,1
recruit,1
self-help,1
infant,1
preschooler,1
two-arm,1
blinded,1
setting/participants,1
communities,1
philadelphia,1
rules,1
homes,1
shaping,1
individualized,1
cognitive-behavioral,1
reinforced,1
adopt,1
challenging,1
exposure-protective,1
eventual,1
7-day,1
point-prevalence,1
smoked/day,1
beta=-0.18,1
beta=-0.57,1
beta=-1.84,1
1.9,1
chi,1
=10.56,1
reduces,1
promotes,1
distressed,1
registration,1
registered,1
www.clinicaltrials.gov,1
nct02117947,1
filed,1
zip,1
code,1
3286,1
-88,1
1.10-1.82,1
.02,1
.10,1
feel,1
confident,1
emphases,1
familial,1
bonds,1
familismo,1
mechanistic,1
spousal,1
expectant,1
fathers,1
pregnant,1
lesser,1
furthermore,1
completion,1
desire,1
heritable,1
zinc,1
finger,1
804a,1
biologically,1
plausible,1
transcription,1
han,1
regulating,1
addiction-relevant,1
dorsolateral,1
genotypes,1
757,1
7095,1
3662,1
0.029,1
1.02-1.25,1
0.0067,1
1.04-1.29,1
decades,1
august,1
seattle,1
upper,1
bi-rads,1
14,432,1
breasts,1
14,552,1
nulliparity,1
evident,1
1.3-1.7,1
1.6,1
1.4-1.9,1
1.2-1.7,1
2.0-2.5,1
46-55,1
beneficial,1
transitory,1
hematopoietic,1
transplantation,1
fred,1
hutchinson,1
posttransplant,1
queried,1
10-item,1
connor-davidson,1
12-item,1
extracted,1
4643,1
1823,1
mailing,1
reminder,1
letter,1
59,1
50-66,1
52.5,1
3-18,1
graft-versus-host,1
missing,1
disability,1
2.1-4.3,1
4.4-8.0,1
bolster,1
subsite,1
mediator,1
wt,1
ovulatory,1
sugar,1
2.94,1
1.47-5.89,1
factors-race/ethnicity,1
insurance-with,1
80,855,1
2001-2011,1
pronounced,1
associates,1
consideration,1
1114,1
optimism,1
-0.42,1
integrate,1
trajectory,1
uncertainty,1
considerable,1
quantified,1
assumption,1
true,1
141.4,1
61.9,1
3.5,1
15.2,1
10.8,1
17.4,1
116.4,1
130.0,1
44.7,1
attain,1
extensive,1
cwc,1
multisite,1
terminally,1
ill,1
expectancy,1
/=6,1
informal,1
trained,1
raters,1
upon,1
answered,1
connection,1
interviewers,1
bivariately,1
limitation,1
interviewer-rated,1
patient-perceived,1
interviewer,1
generalize,1
extend,1
demand,1
shortage,1
looms,1
explaining,1
caring,1
1694,1
1621,1
managing,1
do-not-resuscitate,1
referring,1
hospice,1
deciding,1
twenty-two,1
19,1
internists,1
geriatricians,1
taught,1
saw,1
rural,1
location,1
interface,1
delivering,1
coordinating,1
maintaining,1
2-12,1
vasomotor,1
vaginal,1
cognition/mood,1
sleep,1
interest/function,1
661,1
25.0,1
25.0-29.9,1
/=30.0,1
lost,1
/=30,1
+25.0,1
+40.0,1
tendency,1
nap,1
+18.9,1
-15.6,1
trouble,1
falling,1
asleep,1
-9.9,1
-7.2,1
-15.5,1
-11.2,1
-33.0,1
-35.5,1
